<?xml version="1.0" encoding="UTF-8"?>
<model package="msearch" baseClass="xPDOObject" platform="mysql" defaultEngine="MyISAM" version="1.1">
	<object class="ModResIndex" table="modResIndex" extends="xPDOSimpleObject">
		<field key="rid" dbtype="int" precision="11" phptype="integer" null="false" />
		<field key="resource" dbtype="text" phptype="string" null="false" index="index" />
		<field key="index" dbtype="text" phptype="string" null="true" />

		<index alias="content" name="content" primary="false" unique="false" type="FULLTEXT" >
			<column key="resource" length="" collation="" null="false" />
			<column key="index" length="" collation="" null="true" />
		</index>
	</object>
</model>